{
  "theta_rad": 0.5163175884579893,
  "theta_deg": 29.58281870701533,
  "M": -0.04999899900980347,
  "X": 55.01361073299399,
  "l2_objective": 771686.8947144027,
  "l1_uniform": 0.0,
  "success": true,
  "method": "Powell"
}